COLUMN,DESCRIPTION,PROGRAM,COMMENT,SOURCE
PROJECT,Project Name,,,
INDIVIDUAL,Base of Subject ID used in Sample Information File and ID provided in manifest file from PI,,,
SM_TAG,CIDR internal database ID plus 2D barcode,SM field in CRAM Read Group Header,,
SAMPLE_TYPE,Tumor or Normal,,,
RG_PU,FLOWCELL_LANE_INDEX,,PG field in CRAM Read Group Header,
LIBRARY,LibraryPlate_WellPosition_HybPlate_WellPosition from cram/bam file,,LB field in CRAM Read Group Header,
LIBRARY_PLATE,Name of plate used in laboratory during library prep from cram/bam file,,,
LIBRARY_WELL,Well the sample is located in during library prep from cram/bam file,,,
LIBRARY_ROW,Row of the well the sample is located in during library prep from cram/bam file,,,
LIBRARY_COLUMN,Column of the well the sample is located in during library prep from cram/bam file,,,
HYB_PLATE,Name of plate used in laboratory during capture hybridization from cram/bam file,,,
HYB_WELL,Well the sample is located in during capture hybridization from cram/bam file,,,
HYB_ROW,Row of the well the sample is located in during capture hybridization from cram/bam file,,,
HYB_COLUMN,Column of the well the sample is located in during capture hybridization from cram/bam file,,,
CRAM_PIPELINE_VERSION,Pipeline version used to generate CRAM files,,PG field in CRAM Read Group Header,
SEQUENCING_PLATFORM,Sequencing chemistry used (Illumina or other),,PL field in CRAM Read Group Header,
SEQUENCER_MODEL,Instrument Model Used,,PM field in CRAM Read Group Header,
EXEMPLAR_DATE,Date Sample was registered into Exempler LIMS,,DT field in CRAM Read Group Header,
BAIT_BED_FILE,"Bait Bed file used for processing, variant metrics and other metrics",,DS field in CRAM Read Group Header,
TARGET_BED_FILE,"Target Bed file used for processing, variant, concordance and other metrics",,DS field in CRAM Read Group Header,
TITV_BED_FILE,TITV Bed file used for variant metrics. Usually only contains regions of coding sequence only,,DS field in CRAM Read Group Header,
SOMATIC_TOTAL_SNPS_ON_BAIT,The number of passing bi-allelic SNPs calls (i.e. non-reference genotypes) that were examined,CollectVariantCallingMetrics,On Bait Bed File,https://broadinstitute.github.io/picard/picard-metric-definitions.html#CollectVariantCallingMetrics.VariantCallingSummaryMetrics
SOMATIC_NUM_IN_DB_SNP_ON_BAIT,The number of passing bi-allelic SNPs found in dbSNP 138,CollectVariantCallingMetrics,On Bait Bed File,https://broadinstitute.github.io/picard/picard-metric-definitions.html#CollectVariantCallingMetrics.VariantCallingSummaryMetrics
SOMATIC_NOVEL_SNPS_ON_BAIT,The number of passing bi-allelic SNPS called that were not found in dbSNP 138,CollectVariantCallingMetrics,On Bait Bed File,https://broadinstitute.github.io/picard/picard-metric-definitions.html#CollectVariantCallingMetrics.VariantCallingSummaryMetrics
SOMATIC_FILTERED_SNPS_ON_BAIT,The number of SNPs that are filtered,CollectVariantCallingMetrics,On Bait Bed File,https://broadinstitute.github.io/picard/picard-metric-definitions.html#CollectVariantCallingMetrics.VariantCallingSummaryMetrics
SOMATIC_PCT_DBSNP_ON_BAIT,The percentage of passing bi-allelic SNPs in dbSNP 138,CollectVariantCallingMetrics,On Bait Bed File,https://broadinstitute.github.io/picard/picard-metric-definitions.html#CollectVariantCallingMetrics.VariantCallingSummaryMetrics
SOMATIC_TOTAL_INDELS_ON_BAIT,The number of passing indel calls that were examined,CollectVariantCallingMetrics,On Bait Bed File,https://broadinstitute.github.io/picard/picard-metric-definitions.html#CollectVariantCallingMetrics.VariantCallingSummaryMetrics
SOMATIC_NOVEL_INDELS_ON_BAIT,The number of passing indels called that were not found in dbSNP 138,CollectVariantCallingMetrics,On Bait Bed File,https://broadinstitute.github.io/picard/picard-metric-definitions.html#CollectVariantCallingMetrics.VariantCallingSummaryMetrics
SOMATIC_FILTERED_INDELS_ON_BAIT,The number of indels that are filtered,CollectVariantCallingMetrics,On Bait Bed File,https://broadinstitute.github.io/picard/picard-metric-definitions.html#CollectVariantCallingMetrics.VariantCallingSummaryMetrics
SOMATIC_PCT_DBSNP_INDELS_ON_BAIT,The percentage of passing indels in dbSNP 138,CollectVariantCallingMetrics,On Bait Bed File,https://broadinstitute.github.io/picard/picard-metric-definitions.html#CollectVariantCallingMetrics.VariantCallingSummaryMetrics
SOMATIC_NUM_IN_DB_SNP_INDELS_ON_BAIT,The number of passing indels found in dbSNP 138,CollectVariantCallingMetrics,On Bait Bed File,https://broadinstitute.github.io/picard/picard-metric-definitions.html#CollectVariantCallingMetrics.VariantCallingSummaryMetrics
SOMATIC_TOTAL_MULTIALLELIC_SNPS_ON_BAIT,The number of passing multi-allelic SNP calls that were examined,CollectVariantCallingMetrics,On Bait Bed File,https://broadinstitute.github.io/picard/picard-metric-definitions.html#CollectVariantCallingMetrics.VariantCallingSummaryMetrics
SOMATIC_NUM_IN_DB_SNP_MULTIALLELIC_ON_BAIT,The number of passing multi-allelic SNPs found in dbSNP 138,CollectVariantCallingMetrics,On Bait Bed File,https://broadinstitute.github.io/picard/picard-metric-definitions.html#CollectVariantCallingMetrics.VariantCallingSummaryMetrics
SOMATIC_TOTAL_COMPLEX_INDELS_ON_BAIT,The number of passing complex indel calls that were examined,CollectVariantCallingMetrics,On Bait Bed File,https://broadinstitute.github.io/picard/picard-metric-definitions.html#CollectVariantCallingMetrics.VariantCallingSummaryMetrics
SOMATIC_NUM_IN_DB_SNP_COMPLEX_INDELS_ON_BAIT,The number of passing complex indels found in dbSNP 138,CollectVariantCallingMetrics,On Bait Bed File,https://broadinstitute.github.io/picard/picard-metric-definitions.html#CollectVariantCallingMetrics.VariantCallingSummaryMetrics
SOMATIC_SNP_REFERENCE_BIAS_ON_BAIT,The rate at which reference bases are observed at ref/alt heterozygous SNP sites.,CollectVariantCallingMetrics,On Bait Bed File,https://broadinstitute.github.io/picard/picard-metric-definitions.html#CollectVariantCallingMetrics.VariantCallingSummaryMetrics
SOMATIC_TOTAL_SNPS_ON_TARGET,The number of passing bi-allelic SNPs calls (i.e. non-reference genotypes) that were examined,CollectVariantCallingMetrics,On Target Bed File,https://broadinstitute.github.io/picard/picard-metric-definitions.html#CollectVariantCallingMetrics.VariantCallingSummaryMetrics
SOMATIC_NUM_IN_DB_SNP_ON_TARGET,The number of passing bi-allelic SNPs found in dbSNP 138,CollectVariantCallingMetrics,On Target Bed File,https://broadinstitute.github.io/picard/picard-metric-definitions.html#CollectVariantCallingMetrics.VariantCallingSummaryMetrics
SOMATIC_NOVEL_SNPS_ON_TARGET,The number of passing bi-allelic SNPS called that were not found in dbSNP 138,CollectVariantCallingMetrics,On Target Bed File,https://broadinstitute.github.io/picard/picard-metric-definitions.html#CollectVariantCallingMetrics.VariantCallingSummaryMetrics
SOMATIC_FILTERED_SNPS_ON_TARGET,The number of SNPs that are filtered,CollectVariantCallingMetrics,On Target Bed File,https://broadinstitute.github.io/picard/picard-metric-definitions.html#CollectVariantCallingMetrics.VariantCallingSummaryMetrics
SOMATIC_PCT_DBSNP_ON_TARGET,The percentage of passing bi-allelic SNPs in dbSNP 138,CollectVariantCallingMetrics,On Target Bed File,https://broadinstitute.github.io/picard/picard-metric-definitions.html#CollectVariantCallingMetrics.VariantCallingSummaryMetrics
SOMATIC_TOTAL_INDELS_ON_TARGET,The number of passing indel calls that were examined,CollectVariantCallingMetrics,On Target Bed File,https://broadinstitute.github.io/picard/picard-metric-definitions.html#CollectVariantCallingMetrics.VariantCallingSummaryMetrics
SOMATIC_NOVEL_INDELS_ON_TARGET,The number of passing indels called that were not found in dbSNP 138,CollectVariantCallingMetrics,On Target Bed File,https://broadinstitute.github.io/picard/picard-metric-definitions.html#CollectVariantCallingMetrics.VariantCallingSummaryMetrics
SOMATIC_FILTERED_INDELS_ON_TARGET,The number of indels that are filtered,CollectVariantCallingMetrics,On Target Bed File,https://broadinstitute.github.io/picard/picard-metric-definitions.html#CollectVariantCallingMetrics.VariantCallingSummaryMetrics
SOMATIC_PCT_DBSNP_INDELS_ON_TARGET,The percentage of passing indels in dbSNP 138,CollectVariantCallingMetrics,On Target Bed File,https://broadinstitute.github.io/picard/picard-metric-definitions.html#CollectVariantCallingMetrics.VariantCallingSummaryMetrics
SOMATIC_NUM_IN_DB_SNP_INDELS_ON_TARGET,The number of passing indels found in dbSNP 138,CollectVariantCallingMetrics,On Target Bed File,https://broadinstitute.github.io/picard/picard-metric-definitions.html#CollectVariantCallingMetrics.VariantCallingSummaryMetrics
SOMATIC_TOTAL_MULTIALLELIC_SNPS_ON_TARGET,The number of passing multi-allelic SNP calls that were examined,CollectVariantCallingMetrics,On Target Bed File,https://broadinstitute.github.io/picard/picard-metric-definitions.html#CollectVariantCallingMetrics.VariantCallingSummaryMetrics
SOMATIC_NUM_IN_DB_SNP_MULTIALLELIC_ON_TARGET,The number of passing multi-allelic SNPs found in dbSNP 138,CollectVariantCallingMetrics,On Target Bed File,https://broadinstitute.github.io/picard/picard-metric-definitions.html#CollectVariantCallingMetrics.VariantCallingSummaryMetrics
SOMATIC_TOTAL_COMPLEX_INDELS_ON_TARGET,The number of passing complex indel calls that were examined,CollectVariantCallingMetrics,On Target Bed File,https://broadinstitute.github.io/picard/picard-metric-definitions.html#CollectVariantCallingMetrics.VariantCallingSummaryMetrics
SOMATIC_NUM_IN_DB_SNP_COMPLEX_INDELS_ON_TARGET,The number of passing complex indels found in dbSNP 138,CollectVariantCallingMetrics,On Target Bed File,https://broadinstitute.github.io/picard/picard-metric-definitions.html#CollectVariantCallingMetrics.VariantCallingSummaryMetrics
SOMATIC_SNP_REFERENCE_BIAS_ON_TARGET,The rate at which reference bases are observed at ref/alt heterozygous SNP sites.,CollectVariantCallingMetrics,On Target Bed File,https://broadinstitute.github.io/picard/picard-metric-definitions.html#CollectVariantCallingMetrics.VariantCallingSummaryMetrics
PAIRED_SNV_HET_SENSITIVITY,The sensitivity for all heterozygous variants (Sensitivity is TP / (TP + FN)),GenotypeConcordance,Between GATK HaplotypeCaller (Germline) Calls between tumor and normal. On Target Bed File,https://broadinstitute.github.io/picard/picard-metric-definitions.html#GenotypeConcordanceDetailMetrics
PAIRED_SNV_HET_PPV,The ppv (positive predictive value) for all heterozygous variants (PPV is the TP / (TP + FP)),GenotypeConcordance,Between GATK HaplotypeCaller (Germline) Calls between tumor and normal. On Target Bed File,https://broadinstitute.github.io/picard/picard-metric-definitions.html#GenotypeConcordanceDetailMetrics
PAIRED_SNV_HOMVAR_SENSITIVITY,The sensitivity for all homozygous variants (Sensitivity is TP / (TP + FN)),GenotypeConcordance,Between GATK HaplotypeCaller (Germline) Calls between tumor and normal. On Target Bed File,https://broadinstitute.github.io/picard/picard-metric-definitions.html#GenotypeConcordanceDetailMetrics
PAIRED_SNV_HOMVAR_PPV,The ppv (positive predictive value) for all homozygous variants (PPV is the TP / (TP + FP)),GenotypeConcordance,Between GATK HaplotypeCaller (Germline) Calls between tumor and normal. On Target Bed File,https://broadinstitute.github.io/picard/picard-metric-definitions.html#GenotypeConcordanceDetailMetrics
PAIRED_SNV_VAR_SENSITIVITY,The sensitivity for all (heterozygous and homozygous) variants (Sensitivity is TP / (TP + FN)),GenotypeConcordance,Between GATK HaplotypeCaller (Germline) Calls between tumor and normal. On Target Bed File,https://broadinstitute.github.io/picard/picard-metric-definitions.html#GenotypeConcordanceDetailMetrics
PAIRED_SNV_VAR_PPV,The ppv (positive predictive value) for all (heterozygous and homozygous) variants (PPV is the TP / (TP + FP)),GenotypeConcordance,Between GATK HaplotypeCaller (Germline) Calls between tumor and normal. On Target Bed File,https://broadinstitute.github.io/picard/picard-metric-definitions.html#GenotypeConcordanceDetailMetrics
PAIRED_SNV_VAR_SPECIFICITY,The specificity for all (heterozygous and homozygous) variants (Specificity is TN / (FP + TN)),GenotypeConcordance,Between GATK HaplotypeCaller (Germline) Calls between tumor and normal. On Target Bed File,https://broadinstitute.github.io/picard/picard-metric-definitions.html#GenotypeConcordanceDetailMetrics
PAIRED_SNV_GENOTYPE_CONCORDANCE,The genotype concordance for all possible states. Genotype Concordance is the number of times the truth and call states match exactly / all truth and call combinations made,GenotypeConcordance,Between GATK HaplotypeCaller (Germline) Calls between tumor and normal. On Target Bed File,https://broadinstitute.github.io/picard/picard-metric-definitions.html#GenotypeConcordanceDetailMetrics
PAIRED_SNV_NON_REF_GENOTYPE_CONCORDANCE,"The non-ref genotype concordance, ie for all var states only. Non Ref Genotype Concordance is the number of times the truth and call states match exactly for *vars only* / all truth and call *var* combinations made",GenotypeConcordance,Between GATK HaplotypeCaller (Germline) Calls between tumor and normal. On Target Bed File,https://broadinstitute.github.io/picard/picard-metric-definitions.html#GenotypeConcordanceDetailMetrics
PAIRED_SNV_TP_COUNT,The TP (true positive) count across all variants,GenotypeConcordance,Between GATK HaplotypeCaller (Germline) Calls between tumor and normal. On Target Bed File,https://broadinstitute.github.io/picard/picard-metric-definitions.html#GenotypeConcordanceContingencyMetrics
PAIRED_SNV_TN_COUNT,The TN (true negative) count across all variants,GenotypeConcordance,Between GATK HaplotypeCaller (Germline) Calls between tumor and normal. On Target Bed File,https://broadinstitute.github.io/picard/picard-metric-definitions.html#GenotypeConcordanceContingencyMetrics
PAIRED_SNV_FP_COUNT,The FP (false positive) count across all variants,GenotypeConcordance,Between GATK HaplotypeCaller (Germline) Calls between tumor and normal. On Target Bed File,https://broadinstitute.github.io/picard/picard-metric-definitions.html#GenotypeConcordanceContingencyMetrics
PAIRED_SNV_FN_COUNT,The FN (false negative) count across all variants,GenotypeConcordance,Between GATK HaplotypeCaller (Germline) Calls between tumor and normal. On Target Bed File,https://broadinstitute.github.io/picard/picard-metric-definitions.html#GenotypeConcordanceContingencyMetrics
PAIRED_SNV_EMPTY_COUNT,The empty (no contingency info) count across all variants,GenotypeConcordance,Between GATK HaplotypeCaller (Germline) Calls between tumor and normal. On Target Bed File,https://broadinstitute.github.io/picard/picard-metric-definitions.html#GenotypeConcordanceContingencyMetrics
PAIRED_INDEL_HET_SENSITIVITY,The sensitivity for all heterozygous variants (Sensitivity is TP / (TP + FN)),GenotypeConcordance,Between GATK HaplotypeCaller (Germline) Calls between tumor and normal. On Target Bed File,https://broadinstitute.github.io/picard/picard-metric-definitions.html#GenotypeConcordanceDetailMetrics
PAIRED_INDEL_HET_PPV,The ppv (positive predictive value) for all heterozygous variants (PPV is the TP / (TP + FP)),GenotypeConcordance,Between GATK HaplotypeCaller (Germline) Calls between tumor and normal. On Target Bed File,https://broadinstitute.github.io/picard/picard-metric-definitions.html#GenotypeConcordanceDetailMetrics
PAIRED_INDEL_HOMVAR_SENSITIVITY,The sensitivity for all homozygous variants (Sensitivity is TP / (TP + FN)),GenotypeConcordance,Between GATK HaplotypeCaller (Germline) Calls between tumor and normal. On Target Bed File,https://broadinstitute.github.io/picard/picard-metric-definitions.html#GenotypeConcordanceDetailMetrics
PAIRED_INDEL_HOMVAR_PPV,The ppv (positive predictive value) for all homozygous variants (PPV is the TP / (TP + FP)),GenotypeConcordance,Between GATK HaplotypeCaller (Germline) Calls between tumor and normal. On Target Bed File,https://broadinstitute.github.io/picard/picard-metric-definitions.html#GenotypeConcordanceDetailMetrics
PAIRED_INDEL_VAR_SENSITIVITY,The sensitivity for all (heterozygous and homozygous) variants (Sensitivity is TP / (TP + FN)),GenotypeConcordance,Between GATK HaplotypeCaller (Germline) Calls between tumor and normal. On Target Bed File,https://broadinstitute.github.io/picard/picard-metric-definitions.html#GenotypeConcordanceDetailMetrics
PAIRED_INDEL_VAR_PPV,The ppv (positive predictive value) for all (heterozygous and homozygous) variants (PPV is the TP / (TP + FP)),GenotypeConcordance,Between GATK HaplotypeCaller (Germline) Calls between tumor and normal. On Target Bed File,https://broadinstitute.github.io/picard/picard-metric-definitions.html#GenotypeConcordanceDetailMetrics
PAIRED_INDEL_VAR_SPECIFICITY,The specificity for all (heterozygous and homozygous) variants (Specificity is TN / (FP + TN)),GenotypeConcordance,Between GATK HaplotypeCaller (Germline) Calls between tumor and normal. On Target Bed File,https://broadinstitute.github.io/picard/picard-metric-definitions.html#GenotypeConcordanceDetailMetrics
PAIRED_INDEL_GENOTYPE_CONCORDANCE,The genotype concordance for all possible states. Genotype Concordance is the number of times the truth and call states match exactly / all truth and call combinations made,GenotypeConcordance,Between GATK HaplotypeCaller (Germline) Calls between tumor and normal. On Target Bed File,https://broadinstitute.github.io/picard/picard-metric-definitions.html#GenotypeConcordanceDetailMetrics
PAIRED_INDEL_NON_REF_GENOTYPE_CONCORDANCE,"The non-ref genotype concordance, ie for all var states only. Non Ref Genotype Concordance is the number of times the truth and call states match exactly for *vars only* / all truth and call *var* combinations made",GenotypeConcordance,Between GATK HaplotypeCaller (Germline) Calls between tumor and normal. On Target Bed File,https://broadinstitute.github.io/picard/picard-metric-definitions.html#GenotypeConcordanceDetailMetrics
PAIRED_INDEL_TP_COUNT,The TP (true positive) count across all variants,GenotypeConcordance,Between GATK HaplotypeCaller (Germline) Calls between tumor and normal. On Target Bed File,https://broadinstitute.github.io/picard/picard-metric-definitions.html#GenotypeConcordanceContingencyMetrics
PAIRED_INDEL_TN_COUNT,The TN (true negative) count across all variants,GenotypeConcordance,Between GATK HaplotypeCaller (Germline) Calls between tumor and normal. On Target Bed File,https://broadinstitute.github.io/picard/picard-metric-definitions.html#GenotypeConcordanceContingencyMetrics
PAIRED_INDEL_FP_COUNT,The FP (false positive) count across all variants,GenotypeConcordance,Between GATK HaplotypeCaller (Germline) Calls between tumor and normal. On Target Bed File,https://broadinstitute.github.io/picard/picard-metric-definitions.html#GenotypeConcordanceContingencyMetrics
PAIRED_INDEL_FN_COUNT,The FN (false negative) count across all variants,GenotypeConcordance,Between GATK HaplotypeCaller (Germline) Calls between tumor and normal. On Target Bed File,https://broadinstitute.github.io/picard/picard-metric-definitions.html#GenotypeConcordanceContingencyMetrics
PAIRED_INDEL_EMPTY_COUNT,The empty (no contingency info) count across all variants,GenotypeConcordance,Between GATK HaplotypeCaller (Germline) Calls between tumor and normal. On Target Bed File,https://broadinstitute.github.io/picard/picard-metric-definitions.html#GenotypeConcordanceContingencyMetrics
X_AVG_DP,Mean depth Of chr X targets,,,
X_NORM_DP,Mean depth Of chr X targets divided by mean depth of autosomal targets,,,
Y_AVG_DP,Mean depth Of chr Y targets,,,
Y_NORM_DP,Mean depth Of chr Y targets divided by mean depth of autosomal targets,,,
COUNT_DISC_HOM,Number of genotype array homozygous calls that were called heterozygous non-reference in the sequence data,cidrseqsuite code,PASS only,On Target
COUNT_CONC_HOM,Number of genotype array homozygous calls that were called homozygous non-reference in the sequence data,cidrseqsuite code,PASS only,On Target
PERCENT_CONC_HOM,COUNT_CONC_HOM/(COUNT_CONC_HOM + COUNT_DISC_HOM),cidrseqsuite code,PASS only,On Target
COUNT_DISC_HET,Number genotype array heterozygous calls that were called homozygous non-reference in the sequence data,cidrseqsuite code,PASS only,On Target
COUNT_CONC_HET,Number genotype array Heterozygous calls that were called heterozygous non-reference in the sequence data,cidrseqsuite code,PASS only,On Target
PERCENT_CONC_HET,COUNT_DISC_HOM/(COUNT_DISC_HOM + COUNT_DISC_HET),cidrseqsuite code,PASS only,On Target
PERCENT_TOTAL_CONC,(COUNT_DISC_HOM + COUNT_CONC_HOM)/(COUNT_DISC_HET + COUNT_DISC_HOM + COUNT_DISC_HOM + COUNT_CONC_HOM),cidrseqsuite code,PASS only,On Target
COUNT_HET_BEADCHIP,Number of genotype array heterozygous calls,cidrseqsuite code,,On Target
SENSITIVITY_2_HET,Percent of heterozygous array genotypes that are also called as non-reference bases in the sequencing data,cidrseqsuite code,PASS only,On Target
SNP_ARRAY,SNP array used to calculate concordance/sensitivity,cidrseqsuite code,,On Target
VERIFYBAM_FREEMIX_PCT,Sequence-only estimate of contamination (PERCENTAGE),verifyBamID,,
VERIFYBAM_#SNPS,Number of sites used for verifybamID contamination,verifyBamID,,
VERIFYBAM_FREELK1,Maximum log-likelihood of the sequence reads given estimated contamination under sequence-only method,verifyBamID,,
VERIFYBAM_FREELK0,Log-likelihood of the sequence reads given no contamination under sequence-only method,verifyBamID,,
VERIFYBAM_DIFF_LK0_LK1,VERIFYBAM_FREELK0-VERIFYBAM_FREELK1,verifyBamID,,
VERIFYBAM_AVG_DP,Average depth at sites used by verifybamID,verifyBamID,,
GATK_TUMOR_CONTAM_PCT,Fraction of reads coming from cross-sample contamination,CalculateContamination,,https://gatk.broadinstitute.org/hc/en-us/articles/360036359212-CalculateContamination
GATK_TUMOR_CONTAM_ERR,Error in Fraction of reads coming from cross-sample contamination calculation,CalculateContamination,,https://gatk.broadinstitute.org/hc/en-us/articles/360036359212-CalculateContamination
MEDIAN_INSERT_SIZE,The MEDIAN insert size of all paired end reads where both ends mapped to the same chromosome.,CollectInsertSizeMetrics,,http://broadinstitute.github.io/picard/picard-metric-definitions.html#InsertSizeMetrics
MEAN_INSERT_SIZE,"The mean insert size of the ""core"" of the distribution. Artefactual outliers in the distribution often cause calculation of nonsensical mean and stdev values. To avoid this the distribution is first trimmed to a ""core"" distribution of +/- N median absolute deviations around the median insert size. By default N=10, but this is configurable.",CollectInsertSizeMetrics,,http://broadinstitute.github.io/picard/picard-metric-definitions.html#InsertSizeMetrics
STANDARD_DEVIATION_INSERT_SIZE,"Standard deviation of insert sizes over the ""core"" of the distribution.",CollectInsertSizeMetrics,,http://broadinstitute.github.io/picard/picard-metric-definitions.html#InsertSizeMetrics
MAD_INSERT_SIZE,The median absolute deviation of the distribution. If the distribution is essentially normal then the standard deviation can be estimated as ~1.4826 * MAD,CollectInsertSizeMetrics,,http://broadinstitute.github.io/picard/picard-metric-definitions.html#InsertSizeMetrics
PCT_PF_READS_ALIGNED_R1,The percentage of PF reads that aligned to the reference sequence. PF_READS_ALIGNED / PF_READS. Read 1.,CollectAlignmentSummaryMetrics,,http://broadinstitute.github.io/picard/picard-metric-definitions.html#AlignmentSummaryMetrics
PF_HQ_ALIGNED_READS_R1,The number of PF reads that were aligned to the reference sequence with a mapping quality of Q20 or higher signifying that the aligner estimates a 1/100 (or smaller) chance that the alignment is wrong. Read 1.,CollectAlignmentSummaryMetrics,,http://broadinstitute.github.io/picard/picard-metric-definitions.html#AlignmentSummaryMetrics
PF_HQ_ALIGNED_Q20_BASES_R1,The subset of PF_HQ_ALIGNED_BASES where the base call quality was Q20 or higher. Read 1.,CollectAlignmentSummaryMetrics,,http://broadinstitute.github.io/picard/picard-metric-definitions.html#AlignmentSummaryMetrics
PF_MISMATCH_RATE_R1,The rate of bases mismatching the reference for all bases aligned to the reference sequence. Read 1.,CollectAlignmentSummaryMetrics,,http://broadinstitute.github.io/picard/picard-metric-definitions.html#AlignmentSummaryMetrics
PF_HQ_ERROR_RATE_R1,The percentage of bases that mismatch the reference in PF HQ aligned reads. Read 1.,CollectAlignmentSummaryMetrics,,http://broadinstitute.github.io/picard/picard-metric-definitions.html#AlignmentSummaryMetrics
PF_INDEL_RATE_R1,"The number of insertion and deletion events per 100 aligned bases. Uses the number of events as the numerator, not the number of inserted or deleted bases. Read 1.",CollectAlignmentSummaryMetrics,,http://broadinstitute.github.io/picard/picard-metric-definitions.html#AlignmentSummaryMetrics
PCT_READS_ALIGNED_IN_PAIRS_R1,The percentage of reads whose mate pair was also aligned to the reference. READS_ALIGNED_IN_PAIRS / PF_READS_ALIGNED. Read 1.,CollectAlignmentSummaryMetrics,,http://broadinstitute.github.io/picard/picard-metric-definitions.html#AlignmentSummaryMetrics
PCT_ADAPTER_R1,The percentage of PF reads that are unaligned and match to a known adapter sequence right from the start of the read. Read 1.,CollectAlignmentSummaryMetrics,,http://broadinstitute.github.io/picard/picard-metric-definitions.html#AlignmentSummaryMetrics
PCT_PF_READS_ALIGNED_R2,The percentage of PF reads that aligned to the reference sequence. PF_READS_ALIGNED / PF_READS. Read 2.,CollectAlignmentSummaryMetrics,,http://broadinstitute.github.io/picard/picard-metric-definitions.html#AlignmentSummaryMetrics
PF_HQ_ALIGNED_READS_R2,The number of PF reads that were aligned to the reference sequence with a mapping quality of Q20 or higher signifying that the aligner estimates a 1/100 (or smaller) chance that the alignment is wrong. Read 2.,CollectAlignmentSummaryMetrics,,http://broadinstitute.github.io/picard/picard-metric-definitions.html#AlignmentSummaryMetrics
PF_HQ_ALIGNED_Q20_BASES_R2,The subset of PF_HQ_ALIGNED_BASES where the base call quality was Q20 or higher. Read 2.,CollectAlignmentSummaryMetrics,,http://broadinstitute.github.io/picard/picard-metric-definitions.html#AlignmentSummaryMetrics
PF_MISMATCH_RATE_R2,The rate of bases mismatching the reference for all bases aligned to the reference sequence. Read 2.,CollectAlignmentSummaryMetrics,,http://broadinstitute.github.io/picard/picard-metric-definitions.html#AlignmentSummaryMetrics
PF_HQ_ERROR_RATE_R2,The percentage of bases that mismatch the reference in PF HQ aligned reads. Read 2.,CollectAlignmentSummaryMetrics,,http://broadinstitute.github.io/picard/picard-metric-definitions.html#AlignmentSummaryMetrics
PF_INDEL_RATE_R2,"The number of insertion and deletion events per 100 aligned bases. Uses the number of events as the numerator, not the number of inserted or deleted bases. Read 2.",CollectAlignmentSummaryMetrics,,http://broadinstitute.github.io/picard/picard-metric-definitions.html#AlignmentSummaryMetrics
PCT_READS_ALIGNED_IN_PAIRS_R2,The percentage of reads whose mate pair was also aligned to the reference. READS_ALIGNED_IN_PAIRS / PF_READS_ALIGNED. Read 2.,CollectAlignmentSummaryMetrics,,http://broadinstitute.github.io/picard/picard-metric-definitions.html#AlignmentSummaryMetrics
PCT_ADAPTER_R2,The percentage of PF reads that are unaligned and match to a known adapter sequence right from the start of the read. Read 2.,CollectAlignmentSummaryMetrics,,http://broadinstitute.github.io/picard/picard-metric-definitions.html#AlignmentSummaryMetrics
TOTAL_READS,The total number of PF reads.,CollectAlignmentSummaryMetrics,,http://broadinstitute.github.io/picard/picard-metric-definitions.html#AlignmentSummaryMetrics
RAW_GIGS,TOTAL_READS*MEAN_READ_LENGTH/1000000000,CollectAlignmentSummaryMetrics,,http://broadinstitute.github.io/picard/picard-metric-definitions.html#AlignmentSummaryMetrics
PCT_PF_READS_ALIGNED_PAIR,The percentage of PF reads that aligned to the reference sequence. PF_READS_ALIGNED / PF_READS. Overall.,CollectAlignmentSummaryMetrics,,http://broadinstitute.github.io/picard/picard-metric-definitions.html#AlignmentSummaryMetrics
PF_MISMATCH_RATE_PAIR,The rate of bases mismatching the reference for all bases aligned to the reference sequence. Overall.,CollectAlignmentSummaryMetrics,,http://broadinstitute.github.io/picard/picard-metric-definitions.html#AlignmentSummaryMetrics
PF_HQ_ERROR_RATE_PAIR,The percentage of bases that mismatch the reference in PF HQ aligned reads. Overall.,CollectAlignmentSummaryMetrics,,http://broadinstitute.github.io/picard/picard-metric-definitions.html#AlignmentSummaryMetrics
PF_INDEL_RATE_PAIR,"The number of insertion and deletion events per 100 aligned bases. Uses the number of events as the numerator, not the number of inserted or deleted bases. Overall.",CollectAlignmentSummaryMetrics,,http://broadinstitute.github.io/picard/picard-metric-definitions.html#AlignmentSummaryMetrics
PCT_READS_ALIGNED_IN_PAIRS_PAIR,The percentage of reads whose mate pair was also aligned to the reference. READS_ALIGNED_IN_PAIRS / PF_READS_ALIGNED. Overall.,CollectAlignmentSummaryMetrics,,http://broadinstitute.github.io/picard/picard-metric-definitions.html#AlignmentSummaryMetrics
STRAND_BALANCE_PAIR,The number of PF reads aligned to the positive strand of the genome divided by the number of PF reads aligned to the genome. Overall.,CollectAlignmentSummaryMetrics,,http://broadinstitute.github.io/picard/picard-metric-definitions.html#AlignmentSummaryMetrics
PCT_CHIMERAS_PAIR,The percentage of reads that map outside of a maximum insert size (usually 100kb) or that have the two ends mapping to different chromosomes.,CollectAlignmentSummaryMetrics,,http://broadinstitute.github.io/picard/picard-metric-definitions.html#AlignmentSummaryMetrics
PF_HQ_ALIGNED_Q20_BASES_PAIR,The subset of PF_HQ_ALIGNED_BASES where the base call quality was Q20 or higher. Overall.,CollectAlignmentSummaryMetrics,,http://broadinstitute.github.io/picard/picard-metric-definitions.html#AlignmentSummaryMetrics
MEAN_READ_LENGTH,The mean read length of the set of reads examined. When looking at the data for a single lane with equal length reads this number is just the read length. When looking at data for merged lanes with differing read lengths this is the mean read length of all reads.,CollectAlignmentSummaryMetrics,,http://broadinstitute.github.io/picard/picard-metric-definitions.html#AlignmentSummaryMetrics
PCT_PF_READS_IMPROPER_PAIRS_PAIR,"The percentage of (primary) aligned reads that are **not** ""properly"" aligned in pairs (as per SAM flag 0x2).",CollectAlignmentSummaryMetrics,,http://broadinstitute.github.io/picard/picard-metric-definitions.html#AlignmentSummaryMetrics
UNMAPPED_READS,"The total number of unmapped reads examined. (Primary, non-supplemental)",UmiAwareMarkDuplicatesWithMateCigar,,https://broadinstitute.github.io/picard/picard-metric-definitions.html#DuplicationMetrics
READ_PAIR_OPTICAL_DUPLICATES,"The number of read pairs duplicates that were caused by optical duplication. Value is always < READ_PAIR_DUPLICATES, which counts all duplicates regardless of source.",UmiAwareMarkDuplicatesWithMateCigar,,https://broadinstitute.github.io/picard/picard-metric-definitions.html#DuplicationMetrics
PERCENT_DUPLICATION,The percentage of mapped sequence that is marked as duplicates. ((UNPAIRED_READ_DUPLICATES + (READ_PAIR_DUPLICATES*2))/(UNPAIRED_READS_EXAMINED+(READ_PAIRS_EXAMINED*2)))*100,UmiAwareMarkDuplicatesWithMateCigar,,https://broadinstitute.github.io/picard/picard-metric-definitions.html#DuplicationMetrics
ESTIMATED_LIBRARY_SIZE,The estimated number of unique molecules in the library based on PE duplication. When there are multiple libraries. It is the average between the all of the libraries present,UmiAwareMarkDuplicatesWithMateCigar,,https://broadinstitute.github.io/picard/picard-metric-definitions.html#DuplicationMetrics
SECONDARY_OR_SUPPLEMENTARY_READS,The number of reads that were either secondary or supplementary,UmiAwareMarkDuplicatesWithMateCigar,,https://broadinstitute.github.io/picard/picard-metric-definitions.html#DuplicationMetrics
READ_PAIR_DUPLICATES,The number of read pairs that were marked as duplicates.,UmiAwareMarkDuplicatesWithMateCigar,,https://broadinstitute.github.io/picard/picard-metric-definitions.html#DuplicationMetrics
READ_PAIRS_EXAMINED,"The number of mapped read pairs examined. (Primary, non-supplemental)",UmiAwareMarkDuplicatesWithMateCigar,,https://broadinstitute.github.io/picard/picard-metric-definitions.html#DuplicationMetrics
PAIRED_DUP_RATE,READ_PAIR_DUPLICATES/READ_PAIRS_EXAMINED,UmiAwareMarkDuplicatesWithMateCigar,,https://broadinstitute.github.io/picard/picard-metric-definitions.html#DuplicationMetrics
UNPAIRED_READ_DUPLICATES,The number of fragments that were marked as duplicates.,UmiAwareMarkDuplicatesWithMateCigar,,https://broadinstitute.github.io/picard/picard-metric-definitions.html#DuplicationMetrics
UNPAIRED_READS_EXAMINED,"The number of mapped reads examined which did not have a mapped mate pair, either because the read is unpaired, or the read is paired to an unmapped mate.",UmiAwareMarkDuplicatesWithMateCigar,,https://broadinstitute.github.io/picard/picard-metric-definitions.html#DuplicationMetrics
UNPAIRED_DUP_RATE,UNPAIRED_READ_DUPLICATES/UNPAIRED_READS_EXAMINED,UmiAwareMarkDuplicatesWithMateCigar,,https://broadinstitute.github.io/picard/picard-metric-definitions.html#DuplicationMetrics
PERCENT_DUPLICATION_OPTICAL,READ_PAIR_OPTICAL_DUPLICATES/READ_PAIR_DUPLICATES*100,UmiAwareMarkDuplicatesWithMateCigar,,https://broadinstitute.github.io/picard/picard-metric-definitions.html#DuplicationMetrics
MEAN_UMI_LENGTH,Number of bases in each UMI,UmiAwareMarkDuplicatesWithMateCigar,,https://broadinstitute.github.io/picard/picard-metric-definitions.html#UmiMetrics
OBSERVED_UNIQUE_UMIS,Number of different UMI sequences observed,UmiAwareMarkDuplicatesWithMateCigar,,https://broadinstitute.github.io/picard/picard-metric-definitions.html#UmiMetrics
INFERRED_UNIQUE_UMIS,Number of different inferred UMI sequences derived,UmiAwareMarkDuplicatesWithMateCigar,,https://broadinstitute.github.io/picard/picard-metric-definitions.html#UmiMetrics
OBSERVED_BASE_ERRORS,Number of errors inferred by comparing the observed and inferred UMIs,UmiAwareMarkDuplicatesWithMateCigar,,https://broadinstitute.github.io/picard/picard-metric-definitions.html#UmiMetrics
DUPLICATE_SETS_IGNORING_UMI,Number of duplicate sets found before taking UMIs into account,UmiAwareMarkDuplicatesWithMateCigar,,https://broadinstitute.github.io/picard/picard-metric-definitions.html#UmiMetrics
DUPLICATE_SETS_WITH_UMI,Number of duplicate sets found after taking UMIs into account,UmiAwareMarkDuplicatesWithMateCigar,,https://broadinstitute.github.io/picard/picard-metric-definitions.html#UmiMetrics
OBSERVED_UMI_ENTROPY,"Entropy (in base 4) of the observed UMI sequences, indicating the effective number of bases in the UMIs. If this is significantly smaller than UMI_LENGTH, it indicates that the UMIs are not distributed uniformly.",UmiAwareMarkDuplicatesWithMateCigar,,https://broadinstitute.github.io/picard/picard-metric-definitions.html#UmiMetrics
INFERRED_UMI_ENTROPY,"Entropy (in base 4) of the inferred UMI sequences, indicating the effective number of bases in the inferred UMIs. If this is significantly smaller than UMI_LENGTH, it indicates that the UMIs are not distributed uniformly.",UmiAwareMarkDuplicatesWithMateCigar,,https://broadinstitute.github.io/picard/picard-metric-definitions.html#UmiMetrics
UMI_BASE_QUALITIES,Estimation of Phred scaled quality scores for UMIs,UmiAwareMarkDuplicatesWithMateCigar,,https://broadinstitute.github.io/picard/picard-metric-definitions.html#UmiMetrics
PCT_UMI_WITH_N,Percent UMI with uncalled bases,UmiAwareMarkDuplicatesWithMateCigar,,https://broadinstitute.github.io/picard/picard-metric-definitions.html#UmiMetrics
GENOME_SIZE,The number of bases in the reference genome used for alignment.,CollectHsMetrics,,https://broadinstitute.github.io/picard/picard-metric-definitions.html#HsMetrics
BAIT_TERRITORY,The number of bases which are localized to one or more baits.,CollectHsMetrics,,https://broadinstitute.github.io/picard/picard-metric-definitions.html#HsMetrics
TARGET_TERRITORY,The unique number of target bases in the experiment,CollectHsMetrics,,https://broadinstitute.github.io/picard/picard-metric-definitions.html#HsMetrics
PCT_PF_UQ_READS_ALIGNED,"The percentage of reads that aligned to the reference genome,  are not marked as duplicates with a mapping score > 0 from the total number of PF reads.",CollectHsMetrics,,https://broadinstitute.github.io/picard/picard-metric-definitions.html#HsMetrics
PF_UQ_GIGS_ALIGNED,The number of bases in PF_UQ_READS_ALIGNED. Accounts for clipping and gaps.,CollectHsMetrics,,https://broadinstitute.github.io/picard/picard-metric-definitions.html#HsMetrics
PCT_SELECTED_BASES,The percentage of PF_BASES_ALIGNED located on or near a baited region (ON_BAIT_BASES + NEAR_BAIT_BASES)/PF_BASES_ALIGNED.,CollectHsMetrics,,https://broadinstitute.github.io/picard/picard-metric-definitions.html#HsMetrics
ON_BAIT_VS_SELECTED,"The fraction of bases on or near baits that are covered by baits, ON_BAIT_BASES/(ON_BAIT_BASES + NEAR_BAIT_BASES).",CollectHsMetrics,,https://broadinstitute.github.io/picard/picard-metric-definitions.html#HsMetrics
MEAN_TARGET_COVERAGE,The mean coverage of a target region.,CollectHsMetrics,,https://broadinstitute.github.io/picard/picard-metric-definitions.html#HsMetrics
MEDIAN_TARGET_COVERAGE,The median coverage of a target region.,CollectHsMetrics,,https://broadinstitute.github.io/picard/picard-metric-definitions.html#HsMetrics
MAX_TARGET_COVERAGE,The maximum coverage of reads that mapped to target regions of an experiment.,CollectHsMetrics,,https://broadinstitute.github.io/picard/picard-metric-definitions.html#HsMetrics
ZERO_CVG_TARGETS_PCT,The percentage of targets that did not reach coverage=1 over any base.,CollectHsMetrics,,https://broadinstitute.github.io/picard/picard-metric-definitions.html#HsMetrics
PCT_EXC_MAPQ,The percentage of aligned bases that were filtered out because they were in reads with low mapping quality (<20).,CollectHsMetrics,,https://broadinstitute.github.io/picard/picard-metric-definitions.html#HsMetrics
PCT_EXC_BASEQ,The percentage of aligned bases that were filtered out because they were of low base quality (<10).,CollectHsMetrics,,https://broadinstitute.github.io/picard/picard-metric-definitions.html#HsMetrics
PCT_EXC_OVERLAP,The percentage of aligned bases that were filtered out because they were the second observation from an insert with overlapping reads.,CollectHsMetrics,,https://broadinstitute.github.io/picard/picard-metric-definitions.html#HsMetrics
PCT_EXC_OFF_TARGET,The percentage of aligned bases that were filtered out because they did not align over a target base.,CollectHsMetrics,,https://broadinstitute.github.io/picard/picard-metric-definitions.html#HsMetrics
PCT_EXC_ADAPTER,The percentage of PF reads that are unaligned and match to a known adapter sequence right from the start of the read.,CollectHsMetrics,,https://broadinstitute.github.io/picard/picard-metric-definitions.html#HsMetrics
FOLD_80_BASE_PENALTY,"The fold over-coverage necesssary to raise 80% of bases in ""non-zero-cvg"" targets to the mean coverage level in those targets",CollectHsMetrics,,https://broadinstitute.github.io/picard/picard-metric-definitions.html#HsMetrics
PCT_TARGET_BASES_1X,The percentage of all target bases achieving 1X or greater coverage.,CollectHsMetrics,,https://broadinstitute.github.io/picard/picard-metric-definitions.html#HsMetrics
PCT_TARGET_BASES_2X,The percentage of all target bases achieving 2X or greater coverage.,CollectHsMetrics,,https://broadinstitute.github.io/picard/picard-metric-definitions.html#HsMetrics
PCT_TARGET_BASES_10X,The percentage of all target bases achieving 10X or greater coverage.,CollectHsMetrics,,https://broadinstitute.github.io/picard/picard-metric-definitions.html#HsMetrics
PCT_TARGET_BASES_20X,The percentage of all target bases achieving 20X or greater coverage.,CollectHsMetrics,,https://broadinstitute.github.io/picard/picard-metric-definitions.html#HsMetrics
PCT_TARGET_BASES_30X,The percentage of all target bases achieving 30X or greater coverage.,CollectHsMetrics,,https://broadinstitute.github.io/picard/picard-metric-definitions.html#HsMetrics
PCT_TARGET_BASES_40X,The percentage of all target bases achieving 40X or greater coverage.,CollectHsMetrics,,https://broadinstitute.github.io/picard/picard-metric-definitions.html#HsMetrics
PCT_TARGET_BASES_50X,The percentage of all target bases achieving 50X or greater coverage.,CollectHsMetrics,,https://broadinstitute.github.io/picard/picard-metric-definitions.html#HsMetrics
PCT_TARGET_BASES_100X,The percentage of all target bases achieving 100X or greater coverage.,CollectHsMetrics,,https://broadinstitute.github.io/picard/picard-metric-definitions.html#HsMetrics
HS_LIBRARY_SIZE,The estimated number of unique molecules in the selected part of the library.,CollectHsMetrics,,https://broadinstitute.github.io/picard/picard-metric-definitions.html#HsMetrics
AT_DROPOUT,"A measure of how undercovered <= 50% GC regions are relative to the mean. For each GC bin [0..50] we calculate a = % of target territory, and b = % of aligned reads aligned to these targets. AT DROPOUT is then abs(sum(a-b when a-b < 0)). E.g. if the value is 5% this implies that 5% of total reads that should have mapped to GC<=50% regions mapped elsewhere.",CollectHsMetrics,,https://broadinstitute.github.io/picard/picard-metric-definitions.html#HsMetrics
GC_DROPOUT,"A measure of how undercovered >= 50% GC regions are relative to the mean. For each GC bin [50..100] we calculate a = % of target territory, and b = % of aligned reads aligned to these targets. GC DROPOUT is then abs(sum(a-b when a-b < 0)). E.g. if the value is 5% this implies that 5% of total reads that should have mapped to GC>=50% regions mapped elsewhere.",CollectHsMetrics,,https://broadinstitute.github.io/picard/picard-metric-definitions.html#HsMetrics
THEORETICAL_HET_SENSITIVITY,The theoretical HET SNP sensitivity.,CollectHsMetrics,,https://broadinstitute.github.io/picard/picard-metric-definitions.html#HsMetrics
HET_SNP_Q,The Phred Scaled Q Score of the theoretical HET SNP sensitivity.,CollectHsMetrics,,https://broadinstitute.github.io/picard/picard-metric-definitions.html#HsMetrics
BAIT_SET,"The union of baits, target and ti/tv bed files used.",CollectHsMetrics,,https://broadinstitute.github.io/picard/picard-metric-definitions.html#HsMetrics
PCT_USABLE_BASES_ON_BAIT,"The percentage of aligned, de-duped, on-bait bases out of the PF bases available.",CollectHsMetrics,,https://broadinstitute.github.io/picard/picard-metric-definitions.html#HsMetrics
Cref_Q,"The total Phred-scaled Q-score for this artifact. A lower Q-score means a higher probability that a REF_BASE:ALT_BASE observation randomly picked from the data will be due to this artifact, rather than a true variant.",CollectSequencingArtifactMetrics,,http://broadinstitute.github.io/picard/picard-metric-definitions.html#SequencingArtifactMetrics.PreAdapterSummaryMetrics
Gref_Q,"The total Phred-scaled Q-score for this artifact. A lower Q-score means a higher probability that a REF_BASE:ALT_BASE observation randomly picked from the data will be due to this artifact, rather than a true variant.",CollectSequencingArtifactMetrics,,http://broadinstitute.github.io/picard/picard-metric-definitions.html#SequencingArtifactMetrics.PreAdapterSummaryMetrics
DEAMINATION_Q,"The total Phred-scaled Q-score for this artifact. A lower Q-score means a higher probability that a REF_BASE:ALT_BASE observation randomly picked from the data will be due to this artifact, rather than a true variant.",CollectSequencingArtifactMetrics,,http://broadinstitute.github.io/picard/picard-metric-definitions.html#SequencingArtifactMetrics.BaitBiasSummaryMetrics
OxoG_Q,"The total Phred-scaled Q-score for this artifact. A lower Q-score means a higher probability that a REF_BASE:ALT_BASE observation randomly picked from the data will be due to this artifact, rather than a true variant.",CollectSequencingArtifactMetrics,,http://broadinstitute.github.io/picard/picard-metric-definitions.html#SequencingArtifactMetrics.BaitBiasSummaryMetrics
PCT_A,Percent of Adenine bases,BaseDistributionByCycleMetrics,,https://broadinstitute.github.io/picard/command-line-overview.html#CollectBaseDistributionByCycle
PCT_C,Percent of Cytosine bases,BaseDistributionByCycleMetrics,,https://broadinstitute.github.io/picard/command-line-overview.html#CollectBaseDistributionByCycle
PCT_G,Percent of Guanine bases,BaseDistributionByCycleMetrics,,https://broadinstitute.github.io/picard/command-line-overview.html#CollectBaseDistributionByCycle
PCT_T,Percent of Thymine bases,BaseDistributionByCycleMetrics,,https://broadinstitute.github.io/picard/command-line-overview.html#CollectBaseDistributionByCycle
PCT_N,Percent of Undetermined bases,BaseDistributionByCycleMetrics,,https://broadinstitute.github.io/picard/command-line-overview.html#CollectBaseDistributionByCycle
PCT_A_to_C,Percent of A to C and T to G substitution rate excluding dbSNP 138,CollectSequencingArtifactMetrics,,http://broadinstitute.github.io/picard/picard-metric-definitions.html#SequencingArtifactMetrics.BaitBiasSummaryMetrics
PCT_A_to_G,Percent of A to G and T to C substitution rate excluding dbSNP 138,CollectSequencingArtifactMetrics,,http://broadinstitute.github.io/picard/picard-metric-definitions.html#SequencingArtifactMetrics.BaitBiasSummaryMetrics
PCT_A_to_T,Percent of A to T and T to A substitution rate excluding dbSNP 138,CollectSequencingArtifactMetrics,,http://broadinstitute.github.io/picard/picard-metric-definitions.html#SequencingArtifactMetrics.BaitBiasSummaryMetrics
PCT_C_to_A,Percent of C to A and G to T substitution rate excluding dbSNP 138,CollectSequencingArtifactMetrics,,http://broadinstitute.github.io/picard/picard-metric-definitions.html#SequencingArtifactMetrics.BaitBiasSummaryMetrics
PCT_C_to_G,Percent of C to G and G to C substitution rate excluding dbSNP 138,CollectSequencingArtifactMetrics,,http://broadinstitute.github.io/picard/picard-metric-definitions.html#SequencingArtifactMetrics.BaitBiasSummaryMetrics
PCT_C_to_T,Percent of C to T and G to A substitution rate excluding dbSNP 138,CollectSequencingArtifactMetrics,,http://broadinstitute.github.io/picard/picard-metric-definitions.html#SequencingArtifactMetrics.BaitBiasSummaryMetrics
BAIT_HET_HOMVAR_RATIO,(count of hets)/(count of homozygous non-ref) for this sample,CollectVariantCallingMetrics,On Bait Bed File,https://broadinstitute.github.io/picard/picard-metric-definitions.html#CollectVariantCallingMetrics.VariantCallingDetailMetrics
BAIT_PCT_GQ0_VARIANT,The percentage of variants in a particular sample that have a GQ score of 0.,CollectVariantCallingMetrics,On Bait Bed File,https://broadinstitute.github.io/picard/picard-metric-definitions.html#CollectVariantCallingMetrics.VariantCallingDetailMetrics
BAIT_TOTAL_GQ0_VARIANT,The total number of variants in a particular sample that have a GQ score of 0.,CollectVariantCallingMetrics,On Bait Bed File,https://broadinstitute.github.io/picard/picard-metric-definitions.html#CollectVariantCallingMetrics.VariantCallingDetailMetrics
BAIT_TOTAL_HET_DEPTH_SNV,total number of reads (from AD field) for passing bi-allelic SNP hets for this sample,CollectVariantCallingMetrics,On Bait Bed File,https://broadinstitute.github.io/picard/picard-metric-definitions.html#CollectVariantCallingMetrics.VariantCallingDetailMetrics
BAIT_TOTAL_SNV,The number of passing bi-allelic SNPs calls (i.e. non-reference genotypes) that were examined,CollectVariantCallingMetrics,On Bait Bed File,https://broadinstitute.github.io/picard/picard-metric-definitions.html#CollectVariantCallingMetrics.VariantCallingSummaryMetrics
BAIT_NUM_IN_DBSNP_138_SNV,The number of passing bi-allelic SNPs found in dbSNP 138,CollectVariantCallingMetrics,On Bait Bed File,https://broadinstitute.github.io/picard/picard-metric-definitions.html#CollectVariantCallingMetrics.VariantCallingSummaryMetrics
BAIT_NOVEL_SNV,The number of passing bi-allelic SNPS called that were not found in dbSNP 138,CollectVariantCallingMetrics,On Bait Bed File,https://broadinstitute.github.io/picard/picard-metric-definitions.html#CollectVariantCallingMetrics.VariantCallingSummaryMetrics
BAIT_FILTERED_SNV,The number of SNPs that are filtered,CollectVariantCallingMetrics,On Bait Bed File,https://broadinstitute.github.io/picard/picard-metric-definitions.html#CollectVariantCallingMetrics.VariantCallingSummaryMetrics
BAIT_PCT_DBSNP_138_SNV,The percentage of passing bi-allelic SNPs in dbSNP 138,CollectVariantCallingMetrics,On Bait Bed File,https://broadinstitute.github.io/picard/picard-metric-definitions.html#CollectVariantCallingMetrics.VariantCallingSummaryMetrics
BAIT_TOTAL_INDEL,The number of passing indel calls that were examined,CollectVariantCallingMetrics,On Bait Bed File,https://broadinstitute.github.io/picard/picard-metric-definitions.html#CollectVariantCallingMetrics.VariantCallingSummaryMetrics
BAIT_NOVEL_INDEL,The number of passing indels called that were not found in dbSNP 138,CollectVariantCallingMetrics,On Bait Bed File,https://broadinstitute.github.io/picard/picard-metric-definitions.html#CollectVariantCallingMetrics.VariantCallingSummaryMetrics
BAIT_FILTERED_INDEL,The number of indels that are filtered,CollectVariantCallingMetrics,On Bait Bed File,https://broadinstitute.github.io/picard/picard-metric-definitions.html#CollectVariantCallingMetrics.VariantCallingSummaryMetrics
BAIT_PCT_DBSNP_138_INDEL,The percentage of passing indels in dbSNP 138,CollectVariantCallingMetrics,On Bait Bed File,https://broadinstitute.github.io/picard/picard-metric-definitions.html#CollectVariantCallingMetrics.VariantCallingSummaryMetrics
BAIT_NUM_IN_DBSNP_138_INDEL,The number of passing indels found in dbSNP 138,CollectVariantCallingMetrics,On Bait Bed File,https://broadinstitute.github.io/picard/picard-metric-definitions.html#CollectVariantCallingMetrics.VariantCallingSummaryMetrics
BAIT_DBSNP_138_INS_DEL_RATIO,The Insertion/Deletion ratio of the indel calls made at dbSNP 138 sites,CollectVariantCallingMetrics,On Bait Bed File,https://broadinstitute.github.io/picard/picard-metric-definitions.html#CollectVariantCallingMetrics.VariantCallingSummaryMetrics
BAIT_NOVEL_INS_DEL_RATIO,The Insertion/Deletion ratio of the indel calls made at non-dbSNP 138 sites,CollectVariantCallingMetrics,On Bait Bed File,https://broadinstitute.github.io/picard/picard-metric-definitions.html#CollectVariantCallingMetrics.VariantCallingSummaryMetrics
BAIT_TOTAL_MULTIALLELIC_SNV,The number of passing multi-allelic SNP calls that were examined,CollectVariantCallingMetrics,On Bait Bed File,https://broadinstitute.github.io/picard/picard-metric-definitions.html#CollectVariantCallingMetrics.VariantCallingSummaryMetrics
BAIT_NUM_IN_DBSNP_138_MULTIALLELIC_SNV,The number of passing multi-allelic SNPs found in dbSNP 138,CollectVariantCallingMetrics,On Bait Bed File,https://broadinstitute.github.io/picard/picard-metric-definitions.html#CollectVariantCallingMetrics.VariantCallingSummaryMetrics
BAIT_TOTAL_COMPLEX_INDEL,The number of passing complex indel calls that were examined,CollectVariantCallingMetrics,On Bait Bed File,https://broadinstitute.github.io/picard/picard-metric-definitions.html#CollectVariantCallingMetrics.VariantCallingSummaryMetrics
BAIT_NUM_IN_DBSNP_138_COMPLEX_INDEL,The number of passing complex indels found in dbSNP 138,CollectVariantCallingMetrics,On Bait Bed File,https://broadinstitute.github.io/picard/picard-metric-definitions.html#CollectVariantCallingMetrics.VariantCallingSummaryMetrics
BAIT_SNP_REFERENCE_BIAS,The rate at which reference bases are observed at ref/alt heterozygous SNP sites.,CollectVariantCallingMetrics,On Bait Bed File,https://broadinstitute.github.io/picard/picard-metric-definitions.html#CollectVariantCallingMetrics.VariantCallingSummaryMetrics
BAIT_NUM_SINGLETONS,The number of variants that appear only in the current sample.,CollectVariantCallingMetrics,On Bait Bed File,https://broadinstitute.github.io/picard/picard-metric-definitions.html#CollectVariantCallingMetrics.VariantCallingSummaryMetrics
TARGET_HET_HOMVAR_RATIO,(count of hets)/(count of homozygous non-ref) for this sample,CollectVariantCallingMetrics,On Target Bed File,https://broadinstitute.github.io/picard/picard-metric-definitions.html#CollectVariantCallingMetrics.VariantCallingDetailMetrics
TARGET_PCT_GQ0_VARIANT,The percentage of variants in a particular sample that have a GQ score of 0.,CollectVariantCallingMetrics,On Target Bed File,https://broadinstitute.github.io/picard/picard-metric-definitions.html#CollectVariantCallingMetrics.VariantCallingDetailMetrics
TARGET_TOTAL_GQ0_VARIANT,The total number of variants in a particular sample that have a GQ score of 0.,CollectVariantCallingMetrics,On Target Bed File,https://broadinstitute.github.io/picard/picard-metric-definitions.html#CollectVariantCallingMetrics.VariantCallingDetailMetrics
TARGET_TOTAL_HET_DEPTH_SNV,total number of reads (from AD field) for passing bi-allelic SNP hets for this sample,CollectVariantCallingMetrics,On Target Bed File,https://broadinstitute.github.io/picard/picard-metric-definitions.html#CollectVariantCallingMetrics.VariantCallingDetailMetrics
TARGET_TOTAL_SNV,The number of passing bi-allelic SNPs calls (i.e. non-reference genotypes) that were examined,CollectVariantCallingMetrics,On Target Bed File,https://broadinstitute.github.io/picard/picard-metric-definitions.html#CollectVariantCallingMetrics.VariantCallingSummaryMetrics
TARGET_NUM_IN_DBSNP_138_SNV,The number of passing bi-allelic SNPs found in dbSNP 138,CollectVariantCallingMetrics,On Target Bed File,https://broadinstitute.github.io/picard/picard-metric-definitions.html#CollectVariantCallingMetrics.VariantCallingSummaryMetrics
TARGET_NOVEL_SNV,The number of passing bi-allelic SNPS called that were not found in dbSNP 138,CollectVariantCallingMetrics,On Target Bed File,https://broadinstitute.github.io/picard/picard-metric-definitions.html#CollectVariantCallingMetrics.VariantCallingSummaryMetrics
TARGET_FILTERED_SNV,The number of SNPs that are filtered,CollectVariantCallingMetrics,On Target Bed File,https://broadinstitute.github.io/picard/picard-metric-definitions.html#CollectVariantCallingMetrics.VariantCallingSummaryMetrics
TARGET_PCT_DBSNP_138_SNV,The percentage of passing bi-allelic SNPs in dbSNP 138,CollectVariantCallingMetrics,On Target Bed File,https://broadinstitute.github.io/picard/picard-metric-definitions.html#CollectVariantCallingMetrics.VariantCallingSummaryMetrics
TARGET_TOTAL_INDEL,The number of passing indel calls that were examined,CollectVariantCallingMetrics,On Target Bed File,https://broadinstitute.github.io/picard/picard-metric-definitions.html#CollectVariantCallingMetrics.VariantCallingSummaryMetrics
TARGET_NOVEL_INDEL,The number of passing indels called that were not found in dbSNP 138,CollectVariantCallingMetrics,On Target Bed File,https://broadinstitute.github.io/picard/picard-metric-definitions.html#CollectVariantCallingMetrics.VariantCallingSummaryMetrics
TARGET_FILTERED_INDEL,The number of indels that are filtered,CollectVariantCallingMetrics,On Target Bed File,https://broadinstitute.github.io/picard/picard-metric-definitions.html#CollectVariantCallingMetrics.VariantCallingSummaryMetrics
TARGET_PCT_DBSNP_138_INDEL,The percentage of passing indels in dbSNP 138,CollectVariantCallingMetrics,On Target Bed File,https://broadinstitute.github.io/picard/picard-metric-definitions.html#CollectVariantCallingMetrics.VariantCallingSummaryMetrics
TARGET_NUM_IN_DBSNP_138_INDEL,The number of passing indels found in dbSNP 138,CollectVariantCallingMetrics,On Target Bed File,https://broadinstitute.github.io/picard/picard-metric-definitions.html#CollectVariantCallingMetrics.VariantCallingSummaryMetrics
TARGET_DBSNP_138_INS_DEL_RATIO,The Insertion/Deletion ratio of the indel calls made at dbSNP 138 sites,CollectVariantCallingMetrics,On Target Bed File,https://broadinstitute.github.io/picard/picard-metric-definitions.html#CollectVariantCallingMetrics.VariantCallingSummaryMetrics
TARGET_NOVEL_INS_DEL_RATIO,The Insertion/Deletion ratio of the indel calls made at non-dbSNP 138 sites,CollectVariantCallingMetrics,On Target Bed File,https://broadinstitute.github.io/picard/picard-metric-definitions.html#CollectVariantCallingMetrics.VariantCallingSummaryMetrics
TARGET_TOTAL_MULTIALLELIC_SNV,The number of passing multi-allelic SNP calls that were examined,CollectVariantCallingMetrics,On Target Bed File,https://broadinstitute.github.io/picard/picard-metric-definitions.html#CollectVariantCallingMetrics.VariantCallingSummaryMetrics
TARGET_NUM_IN_DBSNP_138_MULTIALLELIC_SNV,The number of passing multi-allelic SNPs found in dbSNP 138,CollectVariantCallingMetrics,On Target Bed File,https://broadinstitute.github.io/picard/picard-metric-definitions.html#CollectVariantCallingMetrics.VariantCallingSummaryMetrics
TARGET_TOTAL_COMPLEX_INDEL,The number of passing complex indel calls that were examined,CollectVariantCallingMetrics,On Target Bed File,https://broadinstitute.github.io/picard/picard-metric-definitions.html#CollectVariantCallingMetrics.VariantCallingSummaryMetrics
TARGET_NUM_IN_DBSNP_138_COMPLEX_INDEL,The number of passing complex indels found in dbSNP 138,CollectVariantCallingMetrics,On Target Bed File,https://broadinstitute.github.io/picard/picard-metric-definitions.html#CollectVariantCallingMetrics.VariantCallingSummaryMetrics
TARGET_SNP_REFERENCE_BIAS,The rate at which reference bases are observed at ref/alt heterozygous SNP sites.,CollectVariantCallingMetrics,On Target Bed File,https://broadinstitute.github.io/picard/picard-metric-definitions.html#CollectVariantCallingMetrics.VariantCallingSummaryMetrics
TARGET_NUM_SINGLETONS,The number of variants that appear only in the current sample.,CollectVariantCallingMetrics,On Target Bed File,https://broadinstitute.github.io/picard/picard-metric-definitions.html#CollectVariantCallingMetrics.VariantCallingSummaryMetrics
CODING_HET_HOMVAR_RATIO,(count of hets)/(count of homozygous non-ref) for this sample,CollectVariantCallingMetrics,On TITV Bed File,https://broadinstitute.github.io/picard/picard-metric-definitions.html#CollectVariantCallingMetrics.VariantCallingDetailMetrics
CODING_PCT_GQ0_VARIANT,The percentage of variants in a particular sample that have a GQ score of 0.,CollectVariantCallingMetrics,On TITV Bed File,https://broadinstitute.github.io/picard/picard-metric-definitions.html#CollectVariantCallingMetrics.VariantCallingDetailMetrics
CODING_TOTAL_GQ0_VARIANT,The total number of variants in a particular sample that have a GQ score of 0.,CollectVariantCallingMetrics,On TITV Bed File,https://broadinstitute.github.io/picard/picard-metric-definitions.html#CollectVariantCallingMetrics.VariantCallingDetailMetrics
CODING_TOTAL_HET_DEPTH_SNV,total number of reads (from AD field) for passing bi-allelic SNP hets for this sample,CollectVariantCallingMetrics,On TITV Bed File,https://broadinstitute.github.io/picard/picard-metric-definitions.html#CollectVariantCallingMetrics.VariantCallingDetailMetrics
CODING_TOTAL_SNV,The number of passing bi-allelic SNPs calls (i.e. non-reference genotypes) that were examined,CollectVariantCallingMetrics,On TITV Bed File,https://broadinstitute.github.io/picard/picard-metric-definitions.html#CollectVariantCallingMetrics.VariantCallingSummaryMetrics
CODING_NUM_IN_DBSNP_129_SNV,The number of passing bi-allelic SNPs found in dbSNP 129,CollectVariantCallingMetrics,On TITV Bed File,https://broadinstitute.github.io/picard/picard-metric-definitions.html#CollectVariantCallingMetrics.VariantCallingSummaryMetrics
CODING_NOVEL_SNV,The number of passing bi-allelic SNPS called that were not found in dbSNP 129,CollectVariantCallingMetrics,On TITV Bed File,https://broadinstitute.github.io/picard/picard-metric-definitions.html#CollectVariantCallingMetrics.VariantCallingSummaryMetrics
CODING_FILTERED_SNV,The number of SNPs that are filtered,CollectVariantCallingMetrics,On TITV Bed File,https://broadinstitute.github.io/picard/picard-metric-definitions.html#CollectVariantCallingMetrics.VariantCallingSummaryMetrics
CODING_PCT_DBSNP_129_SNV,The percentage of passing bi-allelic SNPs in dbSNP 129,CollectVariantCallingMetrics,On TITV Bed File,https://broadinstitute.github.io/picard/picard-metric-definitions.html#CollectVariantCallingMetrics.VariantCallingSummaryMetrics
CODING_DBSNP_129_TITV,The Transition/Transversion ratio of the passing bi-allelic SNP calls made at dbSNP 129 sites,CollectVariantCallingMetrics,On TITV Bed File,https://broadinstitute.github.io/picard/picard-metric-definitions.html#CollectVariantCallingMetrics.VariantCallingSummaryMetrics
CODING_NOVEL_TITV,The Transition/Transversion ratio of the passing bi-allelic SNP calls made at non-dbSNP 129 sites,CollectVariantCallingMetrics,On TITV Bed File,https://broadinstitute.github.io/picard/picard-metric-definitions.html#CollectVariantCallingMetrics.VariantCallingSummaryMetrics
CODING_TOTAL_INDEL,The number of passing indel calls that were examined,CollectVariantCallingMetrics,On TITV Bed File,https://broadinstitute.github.io/picard/picard-metric-definitions.html#CollectVariantCallingMetrics.VariantCallingSummaryMetrics
CODING_NOVEL_INDEL,The number of passing indels called that were not found in dbSNP 129,CollectVariantCallingMetrics,On TITV Bed File,https://broadinstitute.github.io/picard/picard-metric-definitions.html#CollectVariantCallingMetrics.VariantCallingSummaryMetrics
CODING_FILTERED_INDEL,The number of indels that are filtered,CollectVariantCallingMetrics,On TITV Bed File,https://broadinstitute.github.io/picard/picard-metric-definitions.html#CollectVariantCallingMetrics.VariantCallingSummaryMetrics
CODING_PCT_DBSNP_129_INDEL,The percentage of passing indels in dbSNP 129,CollectVariantCallingMetrics,On TITV Bed File,https://broadinstitute.github.io/picard/picard-metric-definitions.html#CollectVariantCallingMetrics.VariantCallingSummaryMetrics
CODING_NUM_IN_DBSNP_129_INDEL,The number of passing indels found in dbSNP 129,CollectVariantCallingMetrics,On TITV Bed File,https://broadinstitute.github.io/picard/picard-metric-definitions.html#CollectVariantCallingMetrics.VariantCallingSummaryMetrics
CODING_DBSNP_129_INS_DEL_RATIO,The Insertion/Deletion ratio of the indel calls made at dbSNP 129 sites,CollectVariantCallingMetrics,On TITV Bed File,https://broadinstitute.github.io/picard/picard-metric-definitions.html#CollectVariantCallingMetrics.VariantCallingSummaryMetrics
CODING_NOVEL_INS_DEL_RATIO,The Insertion/Deletion ratio of the indel calls made at non-dbSNP 129 sites,CollectVariantCallingMetrics,On TITV Bed File,https://broadinstitute.github.io/picard/picard-metric-definitions.html#CollectVariantCallingMetrics.VariantCallingSummaryMetrics
CODING_TOTAL_MULTIALLELIC_SNV,The number of passing multi-allelic SNP calls that were examined,CollectVariantCallingMetrics,On TITV Bed File,https://broadinstitute.github.io/picard/picard-metric-definitions.html#CollectVariantCallingMetrics.VariantCallingSummaryMetrics
CODING_NUM_IN_DBSNP_129_MULTIALLELIC_SNV,The number of passing multi-allelic SNPs found in dbSNP 129,CollectVariantCallingMetrics,On TITV Bed File,https://broadinstitute.github.io/picard/picard-metric-definitions.html#CollectVariantCallingMetrics.VariantCallingSummaryMetrics
CODING_TOTAL_COMPLEX_INDEL,The number of passing complex indel calls that were examined,CollectVariantCallingMetrics,On TITV Bed File,https://broadinstitute.github.io/picard/picard-metric-definitions.html#CollectVariantCallingMetrics.VariantCallingSummaryMetrics
CODING_NUM_IN_DBSNP_129_COMPLEX_INDEL,The number of passing complex indels found in dbSNP 129,CollectVariantCallingMetrics,On TITV Bed File,https://broadinstitute.github.io/picard/picard-metric-definitions.html#CollectVariantCallingMetrics.VariantCallingSummaryMetrics
CODING_SNP_REFERENCE_BIAS,The rate at which reference bases are observed at ref/alt heterozygous SNP sites.,CollectVariantCallingMetrics,On TITV Bed File,https://broadinstitute.github.io/picard/picard-metric-definitions.html#CollectVariantCallingMetrics.VariantCallingSummaryMetrics
CODING_NUM_SINGLETONS,The number of variants that appear only in the current sample.,CollectVariantCallingMetrics,On TITV Bed File,https://broadinstitute.github.io/picard/picard-metric-definitions.html#CollectVariantCallingMetrics.VariantCallingSummaryMetrics
